,tag_name
0,art
1,biography
2,business
3,children-s
4,christian
5,classics
6,comics
7,cookbooks
8,ebooks
9,fantasy
10,fiction
11,graphic-novels
12,historical-fiction
13,history
14,horror
15,memoir
16,music
17,mystery
18,non-fiction
19,poetry
20,psychology
21,romance
22,science
23,science-fiction
24,self-help
25,sports
26,thriller
27,travel
28,young-adult
58,10th-century
59,11th-century
60,12th-century
61,13th-century
62,14th-century
63,15th-century
64,16th-century
65,17th-century
66,1864-shenandoah-campaign
67,18th-century
68,1917
69,19th-century
70,1st-grade
71,20th-century
72,21st-century
73,2nd-grade
74,40k
75,abuse
76,academia
77,academic
78,academics
79,accounting
80,accra
81,action
82,activism
83,adaptations
84,addis-ababa
85,addition
86,adolescence
87,adoption
88,adult
89,adult-colouring-books
90,adult-fiction
91,adventure
92,adventurers
93,aeroplanes
94,africa
95,african-american
96,african-american-literature
97,african-american-romance
98,african-literature
99,agender
100,agriculture
101,aircraft
102,airliners
103,airships
104,albanian-literature
105,alchemy
106,alcohol
107,alexandria
108,algebra
109,algeria
110,algiers
111,algorithms
112,aliens
113,alternate-history
114,alternate-universe
115,alternative-medicine
116,amateur-sleuth
117,amazon
118,ambulance-service
119,ambulances
120,american
121,american-civil-war
122,american-classics
123,american-fiction
124,american-history
125,american-novels
126,american-revolution
127,american-revolutionary-war
128,americana
129,amish
130,amish-fiction
131,amish-historical-romance-fiction
132,ancient
133,ancient-history
134,androgyne
135,angels
136,anglo-saxon
137,angola
138,animal-fiction
139,animals
140,anime
141,anthologies
142,anthropology
143,anthropomorphic
144,anti-racist
145,antietam-campaign
146,antiquities
147,antisemitism
148,apocalyptic
149,apple
150,applied-mathematics
151,appomattox-campaign
152,archaeology
153,architecture
154,arithmetic
155,army-of-northern-virginia
156,army-of-tennessee
157,army-of-the-potomac
159,art-and-photography
160,art-books-monographs
161,art-design
162,art-history
163,arthurian
164,artificial-intelligence
165,asexual
166,asia
167,asian-literature
168,asmara
169,aspergers
170,astrology
171,astronomy
172,atheism
173,atlanta-campaign
174,atlases
175,australia
176,autobiography
177,aviation
178,aviation-history
179,azeroth
180,babylon-5
181,back-to-school
182,baha-i
183,bande-dessin%C3%A9e
184,bangladesh
185,banking
186,banks
187,banned-books
188,barter
189,baseball
190,basketball
191,batman
192,battle-of-britain
193,battle-of-gettysburg
194,battles-of-the-american-civil-ear
195,bdsm
196,beading
197,beauty-and-the-beast
198,beer
199,belgian
200,belgium
201,belief
202,benghazi
203,benin
204,beverages
205,biblical
206,biblical-fiction
207,bicycles
209,biography-memoir
210,biology
211,bird-watching
212,birds
213,bisexual
214,bisexual-romance
215,bizarro-fiction
216,black-literature
217,boarding-school
218,bolivia
219,bolsheviks
220,bombers
221,bookkeeping
222,books-about-books
223,booze
224,botswana
225,boys-love
226,brain
227,brazil
228,brazzaville
229,brewing
230,british-literature
231,buddhism
232,buffy-the-vampire-slayer
233,bulgaria
234,bulgarian-literature
235,burkina-faso
236,burundi
237,buses
239,butch-femme
240,cabo-verde
241,cairo
242,calculation
243,calculus
244,cameroon
245,campus
246,canada
247,canadian-literature
248,canon
249,canterbury-tales
250,cape-town
251,carolinas-campaign
252,carolingian
253,cars
254,cartography
255,cartoon
256,castile
257,category-romance
258,catholic
259,cats
260,central-africa
261,central-african-republic
262,chad
263,challenged-books
264,chancellorsville-campaign
265,chapter-books
266,chemistry
267,chess
268,chick-lit
269,childrens
270,childrens-classics
271,china
272,chinese-literature
273,chivalry
274,choose-your-own-adventure
276,christian-contemporary-fiction
277,christian-fantasy
278,christian-fantasy-dystopian
279,christian-fiction
280,christian-fiction-amish
281,christian-historical-fiction
282,christian-living
283,christian-non-fiction
284,christian-romance
285,christian-romance-historical
286,christianity
287,christmas
288,church
289,church-history
290,church-ministry
291,cinderella
292,cisgender
293,cities
294,civil-war
295,civil-war-confederacy
296,civil-war-eastern-theater
297,civil-war-history
298,civil-war-navy
299,civil-war-western-theater
300,class
301,class-issues
302,classic-literature
303,classical-music
304,classical-studies
306,clean-romance
307,climate-change
308,climate-change-fiction
309,climbing
310,cocktails
311,coding
312,coin-collecting
313,collections
314,college
315,colouring-books
316,comedy
317,comic-book
318,comic-strips
320,comics-manga
321,coming-of-age
322,comix
323,communication
324,comoros
325,complementary-medicine
326,computation
327,computer-reference
328,computer-science
329,computers
330,conservation
331,consumer-economics
332,contemporary
333,contemporary-romance
334,contemporary-romance-clean
336,cooking
337,coptic-language
338,coptology
339,copts
340,counselling
341,counter-culture
342,counting
343,couture
344,cozy-mystery
345,crafts
346,crime
347,criticism
348,crochet
349,cross-dressing
350,cthulhu-mythos
351,cuisine
352,culinary
353,cult-classics
354,cults
355,cultural
356,cultural-heritage
357,cultural-studies
358,list?page=2
359,list?page=3
360,list?page=4
361,list?page=5
421,curation
422,currency
423,cw-bentonville
424,cw-iuka-corinth
425,cw-stones-river
426,cw-west-va
427,cyberpunk
428,cycling
429,czech-literature
430,dakar
431,danish
432,dark
433,dark-fantasy
434,dc-comics
435,death
436,democratic-republic-of-the-congo
437,demons
438,denmark
439,design
440,detective
441,diary
442,dictionaries
443,diets
444,dinosaurs
445,disability
446,disability-studies
447,disabled-communities
448,discipleship
449,disease
450,divination
451,division
452,divorce
453,djibouti
454,doctor-who
455,dogs
456,domestic-science
457,drag
458,dragonlance
459,dragons
460,drama
461,drawing
462,dressmaking
463,drinking
464,dungeons-and-dragons
465,dungeons-and-dragons-manuals
466,dutch-literature
467,dying-earth
468,dyscalculia
469,dystopia
470,earth
471,earth-sciences
472,eastern-africa
473,eastern-philosophy
474,ecclesiology
475,ecology
476,economic-development
477,economics
478,education
479,edwardian
480,egypt
481,egyptian-literature
482,egyptology
483,electrical-engineering
484,elizabethan-period
485,emergency-services
486,engineering
487,english-civil-war
488,english-literature
489,entrepreneurship
490,environment
491,epic
492,epic-fantasy
493,epic-poetry
494,equatorial-guinea
495,eritrea
496,erotic-historical-romance
497,erotic-horror
498,erotic-paranormal-romance
499,erotic-romance
500,erotica
501,esoterica
502,esp
503,espionage
504,essays
505,ethiopia
506,ethnic
507,ethnic-studies
508,ethnicity
509,ethnography
510,eunuch
511,european-history
512,european-literature
513,evangelism
514,evolution
515,f-f-f
516,f-m-f
517,fables
518,fae
519,fairies
520,fairy-tale-retellings
521,fairy-tales
522,faith
523,family
524,family-law
525,fandom
527,fantasy-of-manners
528,fantasy-romance
529,far-right
530,fashion
531,fat
532,fat-acceptance
533,fat-studies
534,feminism
535,feminist-studies
536,feminist-theory
537,femslash
538,ferdinand-and-isabella
539,ferries
541,field-guides
542,fighters
543,figure-skating
544,film
545,finance
546,financial-management
547,finnish-literature
548,fire-engines
549,fire-services
550,firefighters
551,fitness
552,flash-fiction
553,folk-tales
554,folklore
555,food
556,food-and-drink
557,food-and-wine
558,food-history
559,food-preservation
560,food-writing
561,foodie
562,football
563,forgotten-realms
564,foster-children
565,foster-parents
566,fostering
567,foursome
568,fractured-fairy-tales
569,france
570,freetown
571,freight
572,french-literature
573,french-revolution
574,frugal
575,functional-analysis
576,funnies
577,funny
578,futurism
579,futuristic
580,futuristic-romance
581,gabon
582,gaborone
583,game-design
584,gamebooks
585,games
586,gaming
587,gaming-fiction
588,gardening
589,gastronomy
590,gay
591,gay-erotica
592,gay-fiction
593,gay-for-you
594,geek
595,gemstones
596,gender
597,gender-and-sexuality
598,gender-identity
599,gender-roles
600,gender-studies
601,genderfluid
602,genderfuck
603,genderqueer
604,genetics
605,geoffrey-chaucer
606,geography
607,geology
608,geometry
609,georgian
610,georgian-romance
611,german-literature
612,germany
613,gettysburg-campaign
614,ghana
615,ghost-stories
616,ghosts
617,gliders
618,global-warming
619,gnosticism
620,go
621,god
622,goddess
623,gods
624,golden-age-mystery
625,google
626,goth
627,gothic
628,gothic-horror
629,gothic-revival
630,gothic-romance
631,government
632,grad-school
633,graffiti
634,graphic-literature
635,graphic-non-fiction
637,graphic-novels-comics
638,graphic-novels-comics-manga
639,graphic-novels-manga
640,graphica
641,greece
642,greek-mythology
643,green
644,grimm
645,growth-mindset
646,guidebook
647,guides
648,guinea
649,guinea-bissau
650,habsburg-empire
651,habsburg-spain
652,hackers
653,halloween
654,harare
655,hard-boiled
656,hard-science-fiction
657,harem
658,harlequin
659,harlequin-blaze
660,harlequin-desire
661,harlequin-heartwarming
662,harlequin-historical
663,harlequin-kimani-romance
664,harlequin-medical-romance
665,harlequin-nocturne
666,harlequin-presents
667,harlequin-romance
668,harlequin-romantic-suspense
669,harlequin-teen
670,health
671,health-care
672,helicopters
673,herbs
674,heritage-preservation
675,heroic-fantasy
676,hierarchy
677,high-fantasy
678,high-school
679,hinduism
680,hip-hop
681,historical
682,historical-fantasy
684,historical-mystery
685,historical-romance
686,historical-romance-clean
688,history-and-politics
689,history-civil-war-eastern-theater
690,history-of-science
691,hockey
692,holiday
693,holland
694,holocaust
695,home-economics
697,horse-racing
698,horses
699,horticulture
700,hot-air-balloons
701,how-to
702,hqn
703,hugo-awards
704,huguenots
705,human-capital
706,human-development
707,human-ecology
708,human-resources
709,humanities
710,humor
711,hungarian-literature
712,hungary
713,hydrogeology
714,illness
715,income-tax
716,india
717,indian-literature
718,indigenous-history
719,indonesian-literature
720,informatics
721,list?page=1
785,information-science
786,innumeracy
787,inspirational
788,intensive-care
789,international
790,international-development
791,international-literature
792,international-relations
793,internet
794,interracial-romance
795,intersex
796,iran
797,ireland
798,irish-civil-war
799,irish-literature
800,islam
801,islamic-terrorism
802,islamism
803,israel
804,italian-literature
805,italy
806,ivory-coast
807,japan
808,japanese-history
809,japanese-literature
810,jazz
811,jewellery
812,jewellery-making
813,jewish
814,johannesburg
815,josei
816,journal
817,journaling
818,journalism
819,judaica
820,judaism
821,juvenile
822,kazakhstan
823,kenya
824,khartoum
825,kigali
826,kinshasa
827,knitting
828,komik
829,ku-klux-klan
830,labor
831,lais
832,landscaping
833,language
834,lapidary
835,latin-american
836,latin-american-history
837,latin-american-literature
838,law
839,lds
840,lds-fiction
841,lds-non-fiction
842,leadership
843,lebanon
844,led-zeppelin
845,legal-thriller
846,lenin
847,leningrad
848,lesbian
849,lesbian-fiction
850,lesbian-romance
851,lesbotronic
852,lesotho
853,lgbt
854,lgbt-memoir
855,liberia
856,librarianship
857,library-science
858,libya
859,light-novel
860,linguistics
861,literary-criticism
862,literary-fiction
863,literature
864,local-history
865,logic
866,london-underground
867,love
868,love-inspired
869,love-inspired-historical
870,love-inspired-suspense
871,love-story
872,lovecraftian
873,loveswept
874,low-fantasy
875,lusaka
876,luxemburg
877,m-f-f
878,m-f-m
879,m-f-romance
880,m-m-aliens
881,m-m-contemporary
882,m-m-f
883,m-m-fantasy
884,m-m-historical-romance
885,m-m-horror
886,m-m-m
887,m-m-m-f
888,m-m-m-m
889,m-m-mystery
890,m-m-new-adult
891,m-m-office-romance
892,m-m-paranormal
893,m-m-romance
894,m-m-romantic-suspense
895,m-m-science-fiction
896,m-m-shapeshifters
897,m-m-sports-romance
898,m-m-supernatural
899,m-m-urban-fantasy
900,m-m-young-adult
901,madagascar
902,magic
903,magical-realism
904,magick
905,mail-order-brides
906,malabo
907,malawi
908,mali
909,management
910,managers
911,manga
912,manga-romance
913,manhwa
914,mannerpunk
915,maps
916,marathi
917,maritime
918,marriage
919,martial-artist
920,martial-arts
921,martyr
922,martyrdom
923,marvel
924,mary-i
925,material-culture
926,mathematics
927,mauritania
928,mauritius
929,media-tie-in
930,medical
931,medicine
932,medieval
933,medieval-history
934,medieval-romance
935,medievalesque
936,medievalism
938,menage
939,mental-health
940,mental-illness
941,mermaids
942,metallurgy
943,metaphysics
944,microhistory
945,middle-english-literature
946,middle-grade
947,military-fiction
948,military-historical-fiction
949,military-history
950,military-romance
951,military-science-fiction
952,mills-and-boon
953,mineralogy
954,mira
955,mixed-martial-arts
956,mmorpg
957,modern
958,modern-classics
959,mogadishu
960,mombasa
961,money
962,money-management
963,monrovia
964,mormonism
965,moroccan
966,morocco
967,moscow
968,motorcycle
969,motorcycling
970,mountaineering
971,movies
972,mozambique
973,multicultural-literature
974,multiple-partners
975,multiplication
976,murder-mystery
977,muscovy
978,museology
979,museums
981,music-biography
982,musicals
983,musician-erotica
984,musicians
985,muslimah
986,muslims
988,mystery-thriller
989,mysticism
990,mythology
991,nairobi
992,namibia
993,native-american-history
994,native-americans
995,natural-history
996,nature
997,naval-historical-fiction
998,naval-history
999,nazarene
1000,nazi-party
1001,near-future
1002,neo-medieval
1003,nerd
1004,neuroscience
1005,new-adult
1006,new-adult-romance
1007,new-age
1008,new-testament
1009,new-weird
1010,new-york
1011,niger
1012,nigeria
1013,noir
1015,nordic-noir
1016,norman
1017,north-american-history
1018,northern-africa
1019,novella
1020,novels
1021,nsfw
1022,number
1023,number-theory
1024,numeracy
1025,numismatics
1026,nursery-rhymes
1027,nursing
1028,nutrition
1029,occult
1030,occult-detective
1031,old-english-literature
1032,old-testament
1033,omegaverse
1034,oral-history
1035,organizational-culture
1036,origami
1037,ornithology
1038,outdoors
1039,overland-campaign
1040,paganism
1041,pakistan
1042,palaeontology
1043,palaeozoology
1044,paranormal
1045,paranormal-mystery
1046,paranormal-romance
1047,paranormal-urban-fantasy
1048,parenting
1049,patternmaking
1050,peak-oil
1051,pediatricians
1052,pediatrics
1053,peninsula-campaign
1054,personal-development
1055,personal-finance
1056,petrograd
1057,philip-ii-of-spain
1058,philosophy
1059,photography
1060,physics
1061,picture-books
1062,picu
1063,pirates
1064,planetary-romance
1065,planetary-science
1066,planets
1067,plantagenet
1068,plants
1069,plays
1070,plus-size
1072,poland
1073,police
1074,polish-literature
1075,political-development
1076,political-science
1077,politics
1078,polyamorous
1079,polyamory
1080,polyandry
1081,polygamy
1082,polygyny
1083,pop-culture
1084,popular-science
1149,pornography
1150,portugal
1151,portuguese-literature
1152,post-apocalyptic
1153,poverty
1154,prayer
1155,pre-k
1156,pre-raphaelite
1157,prehistoric
1158,prehistory
1159,preservation
1160,presidents
1161,pretoria
1162,princesses
1163,productivity
1164,professors
1165,programming
1166,programming-languages
1167,prostitution
1168,psychiatry
1169,psychoanalysis
1170,psychological-thriller
1172,public-transport
1173,pulp
1174,pulp-adventure
1175,pulp-noir
1176,punk
1177,punx
1178,puzzles
1179,quantum-mechanics
1180,queer
1181,queer-lit
1182,queer-studies
1183,quilting
1184,rabat
1185,rabbits
1186,race
1187,racing
1188,railway-history
1189,railways
1190,read-for-college
1191,read-for-school
1192,real-person-fiction
1193,realistic-fiction
1194,realistic-young-adult
1195,recreation
1196,recruitment
1197,reference
1198,regency
1199,regency-romance
1200,regency-romance-clean
1201,relationships
1202,religion
1203,republic-of-the-congo
1204,research
1205,retellings
1206,reverse-harem
1207,road-trip
1208,robots
1209,rock-n-roll
1210,role-playing-games
1211,roman
1212,roman-britain
1214,romania
1215,romanian-literature
1216,romanovs
1217,romantic
1218,romantic-suspense
1219,romanticism
1220,royal-air-force
1221,rus
1222,russia
1223,russian-empire
1224,russian-federation
1225,russian-history
1226,russian-literature
1227,russian-revolution
1228,rwanda
1229,saint-helena
1230,sao-tome
1231,sao-tome-and-principe
1232,satanism
1233,scandinavian-literature
1234,school
1235,school-stories
1238,science-fiction-fantasy
1239,science-fiction-romance
1240,science-nature
1241,scooters
1242,scores
1243,scotland
1244,scripture
1245,seinen
1247,semiotics
1248,senegal
1249,sequential-art
1250,serbian-literature
1251,sewing
1252,sex-and-erotica
1253,sex-work
1254,sexuality
1255,seychelles
1256,shapeshifters
1257,shinigami
1258,shojo
1259,shonen
1260,short-stories
1261,short-story-collection
1262,shounen-ai
1263,siege-of-petersburg
1264,sierra-leone
1265,siglo-de-oro
1266,silhouette
1267,singularity
1268,skepticism
1269,slash-fiction
1270,slice-of-life
1271,soccer
1272,social
1273,social-change
1274,social-issues
1275,social-justice
1276,social-media
1277,social-movements
1278,social-science
1279,social-welfare
1280,social-work
1281,society
1282,sociology
1283,software
1284,soldiers
1285,somalia
1286,south-africa
1287,south-sudan
1288,southern
1289,southern-africa
1290,southern-gothic
1291,southern-war-for-independance
1292,soviet-history
1293,soviet-union
1294,space
1295,space-archaeology
1296,space-opera
1297,spain
1298,spanish-armada
1299,spanish-civil-war
1300,spanish-history
1301,spanish-literature
1302,speculative-fiction
1303,spider-man
1304,spiritualism
1305,spirituality
1306,splatterpunk
1308,sports-and-games
1309,sports-romance
1310,spy-thriller
1311,st-petersburg
1312,star-trek
1313,star-trek-deep-space-nine
1314,star-trek-enterprise
1315,star-trek-original-series
1316,star-trek-the-next-generation
1317,star-trek-voyager
1318,star-wars
1319,steam-trains
1320,steampunk
1321,steampunk-romance
1322,storytime
1323,street-art
1324,streetmap
1325,strippers
1326,stuart
1327,students
1328,subtraction
1329,sudan
1330,suisse
1331,sunday-comics
1332,superheroes
1333,superman
1334,supernatural
1335,supernatural-romance
1336,superstition
1337,surreal
1338,survival
1339,suspense
1340,sustainability
1341,swashbuckling
1342,swaziland
1343,sweden
1344,swedish-literature
1345,sword-and-planet
1346,sword-and-sorcery
1347,syrian-civil-war
1348,tanzania
1349,taoism
1350,tarot
1351,tasmania
1352,taxation
1353,tea
1354,teachers
1355,teaching
1356,technical
1357,technology
1358,teen
1359,terrorism
1360,textbooks
1361,the-1700s
1362,the-americas
1363,the-gambia
1364,the-united-states-of-america
1365,the-world
1366,theatre
1367,thelema
1368,theology
1369,theory
1370,theosophy
1371,threesome
1373,time-travel
1374,time-travel-romance
1375,togo
1376,traditional-regency
1377,tragedy
1378,trains
1379,transgender
1380,transgender-romance
1381,transmississippi
1382,transport
1383,transsexual
1384,transvestism
1386,travelogue
1387,tristan-da-cunha
1388,trivia
1389,trucks
1390,true-crime
1391,true-story
1392,tsars
1393,tudor-period
1394,tunis
1395,tunisia
1396,turkish
1397,turkish-literature
1398,tv
1399,uganda
1400,ukraine
1401,ukrainian-literature
1402,underground-railway
1403,unfinished
1404,unicorns
1405,united-states
1406,urban
1407,urban-fantasy
1408,urban-fantasy-romance
1409,urban-legends
1410,urban-planning
1411,urban-studies
1412,urbanism
1413,us-presidents
1414,usability
1415,utopia
1416,vampire-hunters
1417,vampires
1418,vegan
1419,vegetarian
1420,vegetarianism
1421,vespa
1422,vicksburg-campaign
1423,victorian
1424,victorian-romance
1425,video-games
1426,viking-romance
1427,visual-art
1428,vtol
1429,walking
1430,war
1431,warcraft
1432,web
1433,webcomic
1434,website-design
1435,weird-fiction
1436,weird-west
1437,werecats
1438,werewolves
1439,western-africa
1440,western-historical-romance
1441,western-romance
1442,western-sahara
1443,westerns
1444,whodunit
1445,wicca
1446,wilderness
1447,wildlife
1448,wine
1513,witchcraft
1514,witches
1515,wizards
1516,wolves
1517,women-and-gender-studies
1518,womens
1519,womens-fiction
1520,womens-rights
1521,womens-studies
1522,wonder-woman
1523,woodwork
1524,words
1525,world-history
1526,world-of-darkness
1527,world-of-warcraft
1528,world-war-i
1529,world-war-ii
1530,writing
1531,wwii-related-fiction
1532,x-men
1533,yaoi
1535,young-adult-contemporary
1536,young-adult-fantasy
1537,young-adult-historical-fiction
1538,young-adult-paranormal
1539,young-adult-romance
1540,young-adult-science-fiction
1541,young-readers
1542,yuri
1543,zambia
1544,zen
1545,zimbabwe
1546,zombies
1547,%E6%BC%AB%E7%94%BB
